timestamp,city,temperature,description
2026-05-12T10:31:11.493Z,Bangkok,31.94,overcast clouds
2026-05-12T14:25:00.273Z,Bangkok,28.94,overcast clouds
2026-05-12T14:36:56.876Z,Bangkok,28.94,overcast clouds
2026-05-12T15:26:03.138Z,Bangkok,28.94,overcast clouds
2026-05-12T17:53:55.870Z,Bangkok,27.43,overcast clouds
2026-05-12T19:29:47.878Z,Bangkok,27.94,overcast clouds
2026-05-12T21:11:26.870Z,Bangkok,27.94,overcast clouds
2026-05-12T22:53:27.400Z,Bangkok,26.94,overcast clouds
2026-05-13T02:28:14.910Z,Bangkok,30.99,scattered clouds
2026-05-13T06:43:00.443Z,Bangkok,36.22,scattered clouds
2026-05-13T09:26:49.612Z,Bangkok,35.57,few clouds
2026-05-13T10:15:17.897Z,Bangkok,34.83,few clouds
2026-05-13T14:10:47.753Z,Bangkok,30.06,few clouds
2026-05-13T17:56:15.018Z,Bangkok,32.75,broken clouds
2026-05-13T19:47:23.047Z,Bangkok,27.94,overcast clouds
2026-05-13T21:19:14.523Z,Bangkok,27.94,overcast clouds
2026-05-13T22:59:02.988Z,Bangkok,29.72,overcast clouds
2026-05-14T02:29:31.023Z,Bangkok,30.82,overcast clouds
2026-05-14T06:41:49.989Z,Bangkok,34.82,overcast clouds
2026-05-14T10:08:07.982Z,Bangkok,33.73,overcast clouds
2026-05-14T13:50:45.973Z,Bangkok,29.94,overcast clouds
2026-05-14T16:07:05.598Z,Bangkok,28.83,overcast clouds
2026-05-14T19:29:24.406Z,Bangkok,31.64,overcast clouds
2026-05-14T21:03:49.432Z,Bangkok,26.94,moderate rain
2026-05-14T22:50:38.494Z,Bangkok,26.94,light rain
2026-05-15T02:28:36.458Z,Bangkok,31.06,broken clouds
2026-05-15T06:51:14.288Z,Bangkok,35.84,overcast clouds
2026-05-15T10:14:18.669Z,Bangkok,36.35,overcast clouds
2026-05-15T13:47:11.864Z,Bangkok,30.06,overcast clouds
2026-05-15T15:58:36.568Z,Bangkok,29.94,overcast clouds
2026-05-15T17:39:17.964Z,Bangkok,29.94,overcast clouds
2026-05-15T19:20:02.109Z,Bangkok,28.94,overcast clouds
2026-05-15T20:53:40.602Z,Bangkok,28.94,overcast clouds
2026-05-15T22:45:57.787Z,Bangkok,28.94,overcast clouds
2026-05-16T02:10:33.923Z,Bangkok,31.06,broken clouds
2026-05-16T06:16:29.838Z,Bangkok,33.94,overcast clouds
2026-05-16T09:23:28.386Z,Bangkok,34.98,overcast clouds
2026-05-16T10:56:32.454Z,Bangkok,34.7,overcast clouds
2026-05-16T13:03:38.203Z,Bangkok,30.94,overcast clouds
2026-05-16T14:49:19.933Z,Bangkok,30.94,overcast clouds
2026-05-16T16:49:50.943Z,Bangkok,30.94,overcast clouds
2026-05-16T18:53:38.002Z,Bangkok,29.94,overcast clouds
2026-05-16T20:39:29.655Z,Bangkok,28.94,overcast clouds
2026-05-16T22:38:13.614Z,Bangkok,28.94,overcast clouds
2026-05-17T02:25:44.750Z,Bangkok,30.94,overcast clouds
2026-05-17T06:40:25.062Z,Bangkok,33.82,overcast clouds
2026-05-17T09:28:40.634Z,Bangkok,34.69,overcast clouds
2026-05-17T10:59:17.477Z,Bangkok,33.94,overcast clouds
2026-05-17T13:01:22.389Z,Bangkok,29.94,overcast clouds
2026-05-17T14:50:22.368Z,Bangkok,30.94,overcast clouds
2026-05-17T16:48:59.741Z,Bangkok,30.94,overcast clouds
2026-05-17T18:56:56.599Z,Bangkok,28.94,overcast clouds
2026-05-17T20:40:23.793Z,Bangkok,28.94,overcast clouds
2026-05-17T22:44:59.513Z,Bangkok,28.94,overcast clouds
2026-05-18T02:35:47.427Z,Bangkok,30.94,overcast clouds
2026-05-18T07:56:10.048Z,Bangkok,34.82,overcast clouds
2026-05-18T11:40:40.532Z,Bangkok,32.94,overcast clouds
2026-05-18T14:57:28.448Z,Bangkok,29.73,overcast clouds
2026-05-18T17:53:23.377Z,Bangkok,28.94,overcast clouds
2026-05-18T19:27:44.482Z,Bangkok,28.94,overcast clouds
2026-05-18T21:04:28.145Z,Bangkok,28.94,overcast clouds
2026-05-18T22:52:14.113Z,Bangkok,27.94,overcast clouds
2026-05-19T02:34:31.922Z,Bangkok,30.05,overcast clouds
2026-05-19T07:38:12.076Z,Bangkok,31.94,overcast clouds
2026-05-19T10:55:35.896Z,Bangkok,30.94,overcast clouds
2026-05-19T14:41:27.741Z,Bangkok,27.38,overcast clouds
2026-05-19T17:58:40.738Z,Bangkok,28.84,overcast clouds
2026-05-19T19:54:20.836Z,Bangkok,28.94,light rain
2026-05-19T21:13:02.736Z,Bangkok,28.94,overcast clouds
2026-05-19T22:58:04.658Z,Bangkok,27.94,overcast clouds
2026-05-20T02:34:38.133Z,Bangkok,29.11,overcast clouds
2026-05-20T07:36:47.775Z,Bangkok,32.06,overcast clouds
2026-05-20T10:43:37.190Z,Bangkok,32.84,overcast clouds
2026-05-20T14:42:29.341Z,Bangkok,28.35,light rain
2026-05-20T18:11:34.015Z,Bangkok,25.94,overcast clouds
2026-05-20T21:44:47.985Z,Bangkok,25.94,overcast clouds
2026-05-20T23:06:26.366Z,Bangkok,28.37,overcast clouds
2026-05-21T02:35:47.179Z,Bangkok,30.82,overcast clouds
2026-05-21T07:42:48.453Z,Bangkok,33.88,scattered clouds
2026-05-21T11:00:27.952Z,Bangkok,33.85,broken clouds
2026-05-21T14:46:54.242Z,Bangkok,29.94,overcast clouds
2026-05-21T17:52:07.900Z,Bangkok,28.94,overcast clouds
2026-05-21T19:44:51.502Z,Bangkok,28.94,overcast clouds
2026-05-21T21:22:50.468Z,Bangkok,28.94,overcast clouds
2026-05-21T22:58:41.911Z,Bangkok,28.94,overcast clouds
2026-05-22T02:37:31.972Z,Bangkok,31.89,overcast clouds
2026-05-22T07:37:40.874Z,Bangkok,34.2,overcast clouds
2026-05-22T10:43:27.843Z,Bangkok,31.82,overcast clouds
2026-05-22T14:22:27.057Z,Bangkok,29.94,overcast clouds
2026-05-22T17:45:34.545Z,Bangkok,26.94,overcast clouds
2026-05-22T19:24:58.909Z,Bangkok,24.94,light rain
2026-05-22T21:03:48.172Z,Bangkok,24.94,overcast clouds
2026-05-22T22:51:30.146Z,Bangkok,29.73,overcast clouds
2026-05-23T02:14:08.316Z,Bangkok,30.82,overcast clouds
2026-05-23T06:29:14.129Z,Bangkok,34.84,overcast clouds
2026-05-23T09:44:37.812Z,Bangkok,33.82,overcast clouds
2026-05-23T11:04:52.894Z,Bangkok,34.7,overcast clouds
2026-05-23T13:06:18.602Z,Bangkok,31.94,broken clouds
2026-05-23T14:55:01.367Z,Bangkok,30.94,overcast clouds
2026-05-23T16:52:34.450Z,Bangkok,29.94,overcast clouds
2026-05-23T18:58:49.085Z,Bangkok,29.94,overcast clouds
2026-05-23T20:40:26.835Z,Bangkok,29.94,overcast clouds
2026-05-23T22:43:53.518Z,Bangkok,26.94,overcast clouds
2026-05-24T02:33:01.368Z,Bangkok,30.94,overcast clouds
2026-05-24T06:54:52.873Z,Bangkok,35.96,overcast clouds
2026-05-24T09:49:07.416Z,Bangkok,34.86,broken clouds
2026-05-24T11:09:28.617Z,Bangkok,34,broken clouds
2026-05-24T13:05:33.654Z,Bangkok,32.94,scattered clouds
2026-05-24T14:56:33.203Z,Bangkok,30.94,scattered clouds
2026-05-24T16:53:35.690Z,Bangkok,30.35,scattered clouds
2026-05-24T19:05:22.022Z,Bangkok,28.94,broken clouds
2026-05-24T20:44:13.021Z,Bangkok,27.67,overcast clouds
2026-05-24T22:50:27.475Z,Bangkok,28.07,overcast clouds
2026-05-25T02:41:32.347Z,Bangkok,33.76,scattered clouds
2026-05-25T08:13:11.616Z,Bangkok,33.88,overcast clouds
2026-05-25T12:56:38.760Z,Bangkok,31.94,scattered clouds
2026-05-25T16:16:09.949Z,Bangkok,29.15,few clouds
2026-05-25T19:17:55.354Z,Bangkok,28.75,scattered clouds
2026-05-25T20:57:49.778Z,Bangkok,28.75,few clouds
2026-05-25T22:53:19.813Z,Bangkok,28.47,few clouds
2026-05-26T02:30:47.609Z,Bangkok,32.43,overcast clouds
2026-05-26T07:37:55.028Z,Bangkok,35.72,overcast clouds
2026-05-26T14:49:46.845Z,Bangkok,30.35,few clouds
2026-05-26T18:19:12.435Z,Bangkok,28.75,clear sky
2026-05-26T21:29:41.711Z,Bangkok,28.07,clear sky
2026-05-26T23:02:58.563Z,Bangkok,27.79,few clouds
2026-05-27T02:40:47.275Z,Bangkok,31.37,few clouds
2026-05-27T07:57:12.199Z,Bangkok,34.56,scattered clouds
2026-05-27T11:36:18.141Z,Bangkok,32.28,broken clouds
2026-05-27T14:58:50.220Z,Bangkok,30.63,overcast clouds
2026-05-27T18:20:45.282Z,Bangkok,30.51,moderate rain
2026-05-27T21:47:01.336Z,Bangkok,27.22,overcast clouds
2026-05-27T23:11:26.140Z,Bangkok,27.61,overcast clouds
2026-05-28T02:27:08.126Z,Bangkok,32.05,overcast clouds
2026-05-28T07:50:20.083Z,Bangkok,34.86,broken clouds
2026-05-28T11:31:33.861Z,Bangkok,33.94,overcast clouds
2026-05-28T15:33:00.738Z,Bangkok,30.63,overcast clouds
2026-05-28T18:30:44.758Z,Bangkok,30.35,overcast clouds
2026-05-28T21:51:14.983Z,Bangkok,29.55,overcast clouds
2026-05-28T23:08:08.995Z,Bangkok,28.87,overcast clouds
2026-05-29T02:31:54.100Z,Bangkok,31.75,few clouds
2026-05-29T07:48:02.663Z,Bangkok,34.32,overcast clouds
2026-05-29T11:21:24.507Z,Bangkok,35.17,overcast clouds
2026-05-29T14:44:58.261Z,Bangkok,28.58,broken clouds
2026-05-29T18:27:32.255Z,Bangkok,28.87,overcast clouds
2026-05-29T21:47:07.078Z,Bangkok,28.69,overcast clouds
2026-05-29T23:06:08.222Z,Bangkok,27.9,overcast clouds
2026-05-30T02:26:14.711Z,Bangkok,31.36,overcast clouds
2026-05-30T06:41:01.025Z,Bangkok,33.16,moderate rain
2026-05-30T09:52:02.664Z,Bangkok,34.59,broken clouds
2026-05-30T11:14:26.320Z,Bangkok,33.88,light rain
2026-05-30T13:07:46.939Z,Bangkok,30.54,broken clouds
2026-05-30T15:00:00.575Z,Bangkok,29.78,broken clouds
2026-05-30T16:53:30.194Z,Bangkok,28.94,overcast clouds
2026-05-30T19:01:36.003Z,Bangkok,28.98,overcast clouds
2026-05-30T20:47:00.177Z,Bangkok,28.98,overcast clouds
2026-05-30T22:51:14.396Z,Bangkok,28.18,overcast clouds
2026-05-31T02:42:18.777Z,Bangkok,31.94,overcast clouds
2026-05-31T07:39:03.700Z,Bangkok,35.56,light rain
2026-05-31T10:08:31.608Z,Bangkok,33.79,overcast clouds
2026-05-31T13:19:59.301Z,Bangkok,31.15,overcast clouds
2026-05-31T15:13:54.173Z,Bangkok,30.79,overcast clouds
2026-05-31T16:58:46.640Z,Bangkok,29.89,light rain
2026-05-31T19:04:57.791Z,Bangkok,28.3,overcast clouds
2026-05-31T20:51:28.763Z,Bangkok,27.99,overcast clouds
2026-05-31T22:52:52.812Z,Bangkok,27.63,overcast clouds
2026-06-01T02:51:26.439Z,Bangkok,31.7,broken clouds
2026-06-01T09:14:37.962Z,Bangkok,35.93,broken clouds
2026-06-01T15:51:26.385Z,Bangkok,29.38,overcast clouds
2026-06-01T20:11:52.905Z,Bangkok,27.9,overcast clouds
2026-06-01T23:22:14.704Z,Bangkok,27.5,overcast clouds
2026-06-02T02:48:42.643Z,Bangkok,32.44,broken clouds
2026-06-02T08:21:28.775Z,Bangkok,33.43,broken clouds
2026-06-02T13:53:38.883Z,Bangkok,31.69,overcast clouds
2026-06-02T18:01:27.485Z,Bangkok,28.84,overcast clouds
2026-06-02T22:17:49.761Z,Bangkok,27.73,overcast clouds
2026-06-03T02:57:25.867Z,Bangkok,31.62,overcast clouds
2026-06-03T08:48:24.920Z,Bangkok,32.78,overcast clouds
2026-06-03T14:22:48.959Z,Bangkok,33.3,overcast clouds
2026-06-03T19:42:38.355Z,Bangkok,28.84,overcast clouds
2026-06-03T22:24:25.054Z,Bangkok,29.39,overcast clouds
2026-06-04T02:52:25.335Z,Bangkok,33.86,overcast clouds
2026-06-04T08:13:13.772Z,Bangkok,34.53,overcast clouds
2026-06-04T12:38:49.753Z,Bangkok,27.74,overcast clouds
2026-06-04T16:47:11.494Z,Bangkok,29.95,overcast clouds
2026-06-04T19:55:47.849Z,Bangkok,29.39,overcast clouds
2026-06-04T21:27:19.998Z,Bangkok,29.39,overcast clouds
2026-06-04T23:02:50.050Z,Bangkok,31.08,overcast clouds
2026-06-05T02:39:49.693Z,Bangkok,31.06,overcast clouds
2026-06-05T08:00:26.771Z,Bangkok,32.17,overcast clouds
2026-06-05T12:31:56.891Z,Bangkok,29.39,overcast clouds
2026-06-05T16:27:06.900Z,Bangkok,29.95,overcast clouds
2026-06-05T19:43:27.322Z,Bangkok,29.39,overcast clouds
2026-06-05T21:18:15.612Z,Bangkok,31.08,overcast clouds
2026-06-05T22:59:21.807Z,Bangkok,31.08,overcast clouds
2026-06-06T02:27:51.277Z,Bangkok,30.51,overcast clouds
2026-06-06T06:48:13.446Z,Bangkok,36.08,overcast clouds
2026-06-06T09:55:50.112Z,Bangkok,29.39,overcast clouds
2026-06-06T11:19:58.270Z,Bangkok,29.39,overcast clouds
2026-06-06T13:13:01.951Z,Bangkok,29.39,overcast clouds
2026-06-06T15:07:22.314Z,Bangkok,29.39,overcast clouds
2026-06-06T17:02:14.815Z,Bangkok,28.84,overcast clouds
2026-06-06T19:07:41.227Z,Bangkok,31.64,overcast clouds
2026-06-06T20:56:01.074Z,Bangkok,29.39,overcast clouds
2026-06-06T22:56:52.262Z,Bangkok,31.08,overcast clouds
2026-06-07T02:45:55.529Z,Bangkok,31.08,overcast clouds
2026-06-07T07:48:47.999Z,Bangkok,34.96,overcast clouds
2026-06-07T10:22:41.749Z,Bangkok,33.47,overcast clouds
2026-06-07T13:25:10.591Z,Bangkok,31.87,overcast clouds
2026-06-07T15:19:22.630Z,Bangkok,31.67,overcast clouds
2026-06-07T17:07:05.826Z,Bangkok,29.95,overcast clouds
2026-06-07T19:08:44.097Z,Bangkok,29.39,overcast clouds
2026-06-07T21:02:30.415Z,Bangkok,31.64,overcast clouds
2026-06-07T22:56:16.147Z,Bangkok,31.08,overcast clouds
2026-06-08T02:49:15.524Z,Bangkok,31.16,overcast clouds
2026-06-08T08:47:21.193Z,Bangkok,35.76,overcast clouds
2026-06-08T14:01:11.910Z,Bangkok,32.44,overcast clouds
2026-06-08T18:19:56.668Z,Bangkok,31.12,overcast clouds
2026-06-08T21:45:36.989Z,Bangkok,31.64,overcast clouds
2026-06-08T23:08:45.045Z,Bangkok,31.08,overcast clouds
2026-06-09T02:26:50.323Z,Bangkok,33.57,overcast clouds
2026-06-09T07:39:13.618Z,Bangkok,35.99,overcast clouds
2026-06-09T10:53:23.403Z,Bangkok,33.72,heavy intensity rain
2026-06-09T14:31:08.150Z,Bangkok,32.06,overcast clouds
2026-06-09T17:54:09.619Z,Bangkok,32.15,overcast clouds
2026-06-09T19:58:17.604Z,Bangkok,31.6,broken clouds
2026-06-09T21:47:53.769Z,Bangkok,31.05,overcast clouds
2026-06-09T23:13:23.321Z,Bangkok,30.52,overcast clouds
2026-06-10T02:39:52.182Z,Bangkok,31.41,overcast clouds
2026-06-10T08:01:23.083Z,Bangkok,35.12,light rain
2026-06-10T12:49:49.876Z,Bangkok,30.94,overcast clouds
2026-06-10T16:54:49.645Z,Bangkok,28.84,overcast clouds
2026-06-10T20:15:30.435Z,Bangkok,28.84,overcast clouds
2026-06-10T23:19:37.417Z,Bangkok,29.39,overcast clouds
2026-06-11T02:49:43.672Z,Bangkok,32.46,overcast clouds
2026-06-11T08:28:37.989Z,Bangkok,32.17,broken clouds
2026-06-11T13:53:21.079Z,Bangkok,29.97,overcast clouds
2026-06-11T17:33:03.343Z,Bangkok,30.53,overcast clouds
2026-06-11T20:11:38.873Z,Bangkok,29.37,overcast clouds
2026-06-11T23:15:43.768Z,Bangkok,28.63,overcast clouds
2026-06-12T02:46:21.055Z,Bangkok,31.25,overcast clouds
2026-06-12T08:17:45.882Z,Bangkok,34.97,overcast clouds
2026-06-12T12:49:39.334Z,Bangkok,30.14,overcast clouds
2026-06-12T16:39:47.425Z,Bangkok,28.3,overcast clouds
2026-06-12T19:57:02.314Z,Bangkok,29.41,overcast clouds
2026-06-12T21:41:33.602Z,Bangkok,28.86,overcast clouds
2026-06-12T23:09:19.343Z,Bangkok,29.19,overcast clouds
2026-06-13T02:38:29.096Z,Bangkok,33.82,broken clouds
2026-06-13T07:40:27.148Z,Bangkok,37.32,broken clouds
2026-06-13T10:22:31.334Z,Bangkok,32.73,overcast clouds
2026-06-13T13:29:39.087Z,Bangkok,30.51,overcast clouds
2026-06-13T15:26:44.615Z,Bangkok,29.95,overcast clouds
2026-06-13T17:14:10.888Z,Bangkok,29.39,overcast clouds
2026-06-13T19:11:25.034Z,Bangkok,29.39,overcast clouds
2026-06-13T21:04:37.829Z,Bangkok,25.51,overcast clouds
2026-06-13T22:56:15.288Z,Bangkok,24.95,overcast clouds
2026-06-14T02:50:36.315Z,Bangkok,29.39,overcast clouds
2026-06-14T08:09:34.991Z,Bangkok,36.62,broken clouds
2026-06-14T11:49:54.687Z,Bangkok,29.39,moderate rain
2026-06-14T13:43:56.421Z,Bangkok,30.51,overcast clouds
2026-06-14T15:43:58.029Z,Bangkok,30.51,overcast clouds
2026-06-14T17:11:39.951Z,Bangkok,30.51,overcast clouds
2026-06-14T19:12:27.319Z,Bangkok,29.39,moderate rain
2026-06-14T21:01:43.822Z,Bangkok,27.73,overcast clouds
2026-06-14T23:00:39.229Z,Bangkok,27.17,overcast clouds
2026-06-15T02:55:09.662Z,Bangkok,32.37,overcast clouds
2026-06-15T09:53:30.133Z,Bangkok,32.73,overcast clouds
2026-06-15T15:38:41.318Z,Bangkok,29.95,broken clouds
2026-06-15T19:38:34.434Z,Bangkok,29.95,overcast clouds
2026-06-15T22:10:57.451Z,Bangkok,28.28,overcast clouds
2026-06-16T02:55:48.190Z,Bangkok,33.22,overcast clouds
2026-06-16T09:19:28.893Z,Bangkok,33.29,overcast clouds
2026-06-16T14:54:58.731Z,Bangkok,30.53,overcast clouds
2026-06-16T19:29:06.686Z,Bangkok,27.17,overcast clouds
2026-06-16T22:06:17.344Z,Bangkok,27.73,overcast clouds
2026-06-17T02:53:06.182Z,Bangkok,31.07,overcast clouds
2026-06-17T08:54:37.336Z,Bangkok,35.67,overcast clouds
2026-06-17T13:37:28.418Z,Bangkok,29.95,overcast clouds
2026-06-17T16:51:45.491Z,Bangkok,30.51,overcast clouds
2026-06-17T20:02:56.606Z,Bangkok,29.39,overcast clouds
2026-06-17T23:17:40.737Z,Bangkok,28.28,overcast clouds
2026-06-18T02:48:18.970Z,Bangkok,32.73,overcast clouds
2026-06-18T08:38:36.722Z,Bangkok,33.28,overcast clouds
2026-06-18T12:46:20.295Z,Bangkok,31.08,overcast clouds
2026-06-18T16:51:42.892Z,Bangkok,27.17,overcast clouds
2026-06-18T20:13:47.936Z,Bangkok,28.28,overcast clouds
2026-06-18T23:29:06.253Z,Bangkok,31.08,overcast clouds
2026-06-19T03:33:27.581Z,Bangkok,31.62,overcast clouds
2026-06-19T09:00:00.323Z,Bangkok,33.87,overcast clouds
2026-06-19T13:28:49.811Z,Bangkok,24.95,overcast clouds
2026-06-19T16:28:34.309Z,Bangkok,25.51,overcast clouds
2026-06-19T19:28:06.323Z,Bangkok,26.06,overcast clouds
2026-06-19T21:02:59.894Z,Bangkok,26.06,overcast clouds
2026-06-19T22:45:54.141Z,Bangkok,26.62,overcast clouds
2026-06-20T02:37:35.640Z,Bangkok,28.84,overcast clouds
2026-06-20T07:43:56.165Z,Bangkok,33.48,overcast clouds
2026-06-20T10:27:41.726Z,Bangkok,30.51,overcast clouds
2026-06-20T13:43:18.775Z,Bangkok,29.95,overcast clouds
2026-06-20T15:29:35.635Z,Bangkok,29.95,overcast clouds
2026-06-20T17:17:12.151Z,Bangkok,29.39,overcast clouds
2026-06-20T19:12:21.630Z,Bangkok,29.39,overcast clouds
2026-06-20T21:06:50.787Z,Bangkok,28.28,overcast clouds
2026-06-20T22:59:15.977Z,Bangkok,27.73,broken clouds
2026-06-21T02:53:55.214Z,Bangkok,34.07,broken clouds
2026-06-21T08:21:42.171Z,Bangkok,36.46,overcast clouds
2026-06-21T12:06:25.209Z,Bangkok,30.51,overcast clouds
2026-06-21T15:46:26.239Z,Bangkok,28.28,overcast clouds
2026-06-21T17:20:47.909Z,Bangkok,28.28,overcast clouds
2026-06-21T19:18:23.333Z,Bangkok,27.73,overcast clouds
2026-06-21T21:06:11.483Z,Bangkok,27.17,overcast clouds
2026-06-21T23:02:39.146Z,Bangkok,27.17,overcast clouds
2026-06-22T02:56:30.715Z,Bangkok,34.33,overcast clouds
2026-06-22T09:40:08.982Z,Bangkok,36.07,broken clouds
2026-06-22T15:13:46.975Z,Bangkok,31.62,overcast clouds
2026-06-22T19:19:03.902Z,Bangkok,29.39,overcast clouds
2026-06-22T21:56:10.731Z,Bangkok,28.28,broken clouds
2026-06-22T23:14:59.871Z,Bangkok,28.28,scattered clouds
2026-06-23T02:31:43.752Z,Bangkok,31.62,broken clouds
2026-06-23T07:40:58.962Z,Bangkok,34.42,few clouds
2026-06-23T10:56:11.836Z,Bangkok,33.32,scattered clouds
2026-06-23T14:31:17.511Z,Bangkok,30.51,broken clouds
2026-06-23T17:46:02.084Z,Bangkok,29.95,scattered clouds
2026-06-23T19:51:27.543Z,Bangkok,28.84,few clouds
2026-06-23T21:25:38.463Z,Bangkok,28.28,few clouds
2026-06-23T23:01:22.962Z,Bangkok,27.73,few clouds
2026-06-24T02:32:47.259Z,Bangkok,33.84,few clouds
2026-06-24T07:33:45.417Z,Bangkok,36.54,few clouds
2026-06-24T10:41:54.411Z,Bangkok,36.62,broken clouds
2026-06-24T14:10:30.430Z,Bangkok,30.51,overcast clouds
2026-06-24T17:48:18.846Z,Bangkok,32.75,light rain
2026-06-24T19:27:32.283Z,Bangkok,32.19,light rain
2026-06-24T21:17:33.978Z,Bangkok,26.62,few clouds
2026-06-24T22:59:27.410Z,Bangkok,27.17,few clouds
2026-06-25T02:34:18.984Z,Bangkok,31.62,broken clouds
2026-06-25T07:35:55.299Z,Bangkok,36.62,overcast clouds
2026-06-25T10:36:09.454Z,Bangkok,35.53,overcast clouds
2026-06-25T14:07:24.176Z,Bangkok,27.73,overcast clouds
2026-06-25T18:04:42.194Z,Bangkok,27.73,overcast clouds
2026-06-25T21:24:00.433Z,Bangkok,27.17,broken clouds
2026-06-25T23:09:46.705Z,Bangkok,27.17,broken clouds
2026-06-26T02:36:30.248Z,Bangkok,31.62,broken clouds
2026-06-26T07:43:23.902Z,Bangkok,37.73,scattered clouds
2026-06-26T10:44:48.767Z,Bangkok,32.75,moderate rain
2026-06-26T14:06:51.777Z,Bangkok,29.39,broken clouds
2026-06-26T17:41:10.094Z,Bangkok,29.95,scattered clouds
2026-06-26T19:29:12.783Z,Bangkok,29.39,overcast clouds
2026-06-26T21:13:15.035Z,Bangkok,28.28,overcast clouds
2026-06-26T22:59:18.410Z,Bangkok,28.28,overcast clouds
2026-06-27T02:29:37.421Z,Bangkok,32.67,overcast clouds
2026-06-27T06:47:00.694Z,Bangkok,36.64,overcast clouds
2026-06-27T09:57:36.503Z,Bangkok,33.94,overcast clouds
2026-06-27T11:26:11.002Z,Bangkok,29.95,overcast clouds
2026-06-27T13:15:26.535Z,Bangkok,31.29,overcast clouds
2026-06-27T15:09:33.121Z,Bangkok,30.44,overcast clouds
2026-06-27T17:00:17.604Z,Bangkok,28.28,overcast clouds
2026-06-27T19:06:05.959Z,Bangkok,28.84,overcast clouds
2026-06-27T20:52:23.961Z,Bangkok,28.84,overcast clouds
2026-06-27T22:56:22.925Z,Bangkok,28.28,overcast clouds
2026-06-28T02:42:23.858Z,Bangkok,33.78,overcast clouds
2026-06-28T07:44:21.554Z,Bangkok,33.28,overcast clouds
2026-06-28T10:21:42.844Z,Bangkok,30.53,moderate rain
2026-06-28T13:20:18.034Z,Bangkok,32.19,overcast clouds
2026-06-28T15:12:35.971Z,Bangkok,32.19,overcast clouds
2026-06-28T17:00:02.136Z,Bangkok,28.28,overcast clouds
2026-06-28T19:05:19.452Z,Bangkok,27.73,overcast clouds
2026-06-28T20:53:14.967Z,Bangkok,27.17,overcast clouds
2026-06-28T22:56:01.317Z,Bangkok,27.73,overcast clouds
2026-06-29T02:42:41.029Z,Bangkok,32.67,overcast clouds
2026-06-29T08:51:15.132Z,Bangkok,31.62,overcast clouds
2026-06-29T13:58:53.932Z,Bangkok,31.64,overcast clouds
2026-06-29T16:53:20.846Z,Bangkok,27.73,overcast clouds
2026-06-29T19:45:27.016Z,Bangkok,27.73,overcast clouds
2026-06-29T21:18:09.392Z,Bangkok,27.73,overcast clouds
2026-06-29T22:48:40.529Z,Bangkok,27.17,overcast clouds
2026-06-30T02:37:20.485Z,Bangkok,30.51,overcast clouds
2026-06-30T07:43:14.502Z,Bangkok,32.17,overcast clouds
2026-06-30T10:49:36.069Z,Bangkok,31.06,overcast clouds
2026-06-30T14:00:42.314Z,Bangkok,29.95,overcast clouds
2026-06-30T17:47:08.501Z,Bangkok,29.95,overcast clouds
2026-06-30T19:44:14.451Z,Bangkok,29.39,overcast clouds
2026-06-30T21:22:52.884Z,Bangkok,28.84,overcast clouds
2026-06-30T23:03:16.828Z,Bangkok,28.84,overcast clouds
2026-07-01T02:43:14.288Z,Bangkok,31.62,overcast clouds
2026-07-01T08:04:55.939Z,Bangkok,32.73,overcast clouds
2026-07-01T12:27:55.488Z,Bangkok,29.95,overcast clouds
2026-07-01T16:19:22.672Z,Bangkok,28.28,overcast clouds
2026-07-01T19:41:34.355Z,Bangkok,27.73,overcast clouds
2026-07-01T21:19:59.472Z,Bangkok,28.28,overcast clouds
2026-07-01T23:04:36.717Z,Bangkok,27.73,overcast clouds
2026-07-02T02:32:39.380Z,Bangkok,27.17,overcast clouds
2026-07-02T07:23:44.811Z,Bangkok,32.17,overcast clouds
2026-07-02T10:30:01.267Z,Bangkok,32.73,overcast clouds
2026-07-02T13:41:26.887Z,Bangkok,27.17,heavy intensity rain
2026-07-02T16:00:37.995Z,Bangkok,26.06,overcast clouds
2026-07-02T19:11:56.146Z,Bangkok,27.17,overcast clouds
2026-07-02T20:56:29.553Z,Bangkok,26.62,overcast clouds
2026-07-02T22:57:50.214Z,Bangkok,27.17,overcast clouds
2026-07-03T02:08:06.792Z,Bangkok,30.51,overcast clouds
2026-07-03T06:54:59.303Z,Bangkok,29.39,overcast clouds
2026-07-03T10:27:51.528Z,Bangkok,31.06,overcast clouds
2026-07-03T13:45:51.765Z,Bangkok,29.95,overcast clouds
2026-07-03T15:49:09.792Z,Bangkok,29.95,overcast clouds
2026-07-03T17:15:22.675Z,Bangkok,29.39,overcast clouds
2026-07-03T19:05:19.332Z,Bangkok,29.39,overcast clouds
2026-07-03T20:54:48.561Z,Bangkok,29.39,overcast clouds
2026-07-03T22:55:35.194Z,Bangkok,26.62,overcast clouds
2026-07-04T02:06:01.553Z,Bangkok,26.06,overcast clouds
2026-07-04T06:40:26.526Z,Bangkok,29.95,overcast clouds
2026-07-04T10:01:16.283Z,Bangkok,29.95,overcast clouds
2026-07-04T13:04:32.101Z,Bangkok,28.28,overcast clouds
2026-07-04T14:58:52.335Z,Bangkok,28.84,overcast clouds
2026-07-04T16:54:53.114Z,Bangkok,28.84,overcast clouds
2026-07-04T18:58:33.976Z,Bangkok,28.84,overcast clouds
2026-07-04T20:44:38.000Z,Bangkok,28.84,overcast clouds
2026-07-04T22:50:02.403Z,Bangkok,28.28,overcast clouds
2026-07-05T02:14:33.732Z,Bangkok,30.51,overcast clouds
2026-07-05T07:17:58.788Z,Bangkok,32.17,overcast clouds
2026-07-05T10:03:58.907Z,Bangkok,31.62,overcast clouds
2026-07-05T13:13:27.766Z,Bangkok,29.95,overcast clouds
2026-07-05T15:06:47.191Z,Bangkok,25.52,overcast clouds
2026-07-05T16:58:25.737Z,Bangkok,23.85,overcast clouds
2026-07-05T19:04:17.771Z,Bangkok,26.06,overcast clouds
2026-07-05T20:49:04.050Z,Bangkok,28.84,overcast clouds
2026-07-05T22:54:40.845Z,Bangkok,28.84,overcast clouds
2026-07-06T02:26:23.393Z,Bangkok,29.95,overcast clouds
2026-07-06T08:12:25.566Z,Bangkok,32.17,overcast clouds
2026-07-06T13:38:45.144Z,Bangkok,29.95,overcast clouds
2026-07-06T16:48:04.200Z,Bangkok,28.27,overcast clouds
2026-07-06T19:44:32.551Z,Bangkok,29.66,overcast clouds
2026-07-06T21:22:12.101Z,Bangkok,29.39,overcast clouds
2026-07-06T22:59:15.524Z,Bangkok,29.39,overcast clouds
2026-07-07T02:14:46.246Z,Bangkok,31.86,scattered clouds
2026-07-07T07:31:08.703Z,Bangkok,32.17,overcast clouds
2026-07-07T10:48:02.728Z,Bangkok,30.6,overcast clouds
2026-07-07T14:10:36.627Z,Bangkok,30.41,overcast clouds
2026-07-07T17:52:50.209Z,Bangkok,28.22,overcast clouds
2026-07-07T19:43:28.266Z,Bangkok,27.63,overcast clouds
2026-07-07T21:16:01.053Z,Bangkok,28.84,overcast clouds
2026-07-07T22:52:52.132Z,Bangkok,28.28,overcast clouds
2026-07-08T05:14:57.643Z,Bangkok,33.28,overcast clouds
2026-07-08T08:11:02.672Z,Bangkok,33.48,overcast clouds
2026-07-08T11:42:33.595Z,Bangkok,29.95,overcast clouds
2026-07-08T15:57:43.416Z,Bangkok,27.64,broken clouds
2026-07-08T17:27:49.174Z,Bangkok,28.84,broken clouds
2026-07-08T19:10:41.067Z,Bangkok,29.39,overcast clouds
2026-07-08T20:58:08.145Z,Bangkok,29.39,overcast clouds
2026-07-08T22:56:44.660Z,Bangkok,28.84,overcast clouds
2026-07-09T02:08:05.242Z,Bangkok,30.75,broken clouds
2026-07-09T07:30:54.759Z,Bangkok,32.22,overcast clouds
2026-07-09T10:47:05.916Z,Bangkok,31.62,overcast clouds
2026-07-09T14:35:59.408Z,Bangkok,26.63,overcast clouds
2026-07-09T17:48:37.168Z,Bangkok,29.95,overcast clouds
2026-07-09T19:24:35.764Z,Bangkok,29.95,overcast clouds
2026-07-09T21:14:21.478Z,Bangkok,29.39,overcast clouds
2026-07-09T23:03:52.136Z,Bangkok,28.84,overcast clouds
2026-07-10T02:07:37.658Z,Bangkok,30.51,overcast clouds
2026-07-10T07:27:32.887Z,Bangkok,32.83,overcast clouds
2026-07-10T10:45:37.999Z,Bangkok,31.81,overcast clouds
2026-07-10T14:03:33.330Z,Bangkok,31.62,overcast clouds
2026-07-10T17:41:20.823Z,Bangkok,30.51,overcast clouds
2026-07-10T19:17:22.945Z,Bangkok,29.66,overcast clouds
2026-07-10T21:00:11.145Z,Bangkok,29.39,overcast clouds
2026-07-10T22:53:01.524Z,Bangkok,28.84,overcast clouds
2026-07-11T01:53:42.124Z,Bangkok,27.73,overcast clouds
2026-07-11T04:57:22.107Z,Bangkok,31.97,overcast clouds
2026-07-11T07:42:11.766Z,Bangkok,33.28,overcast clouds
2026-07-11T09:19:05.815Z,Bangkok,31.62,overcast clouds
2026-07-11T10:56:30.816Z,Bangkok,26.62,overcast clouds
2026-07-11T12:59:29.564Z,Bangkok,27.17,light rain
2026-07-11T14:44:26.074Z,Bangkok,27.73,overcast clouds
2026-07-11T16:44:49.804Z,Bangkok,27.73,overcast clouds
2026-07-11T18:48:24.274Z,Bangkok,27.07,overcast clouds
2026-07-11T20:39:33.363Z,Bangkok,27.99,overcast clouds
2026-07-11T22:39:10.914Z,Bangkok,28.84,overcast clouds
2026-07-12T01:56:55.423Z,Bangkok,29.18,overcast clouds
2026-07-12T05:24:36.217Z,Bangkok,30.51,overcast clouds
2026-07-12T08:03:11.730Z,Bangkok,28.08,overcast clouds
2026-07-12T11:05:57.895Z,Bangkok,28.18,overcast clouds
2026-07-12T13:00:16.159Z,Bangkok,28.28,overcast clouds
2026-07-12T14:47:38.216Z,Bangkok,27.25,overcast clouds
2026-07-12T16:49:31.671Z,Bangkok,26.07,overcast clouds
2026-07-12T18:53:28.528Z,Bangkok,28.28,overcast clouds
2026-07-12T20:35:53.679Z,Bangkok,27.73,overcast clouds
2026-07-12T22:39:05.293Z,Bangkok,27.17,overcast clouds
2026-07-13T01:58:52.197Z,Bangkok,28.84,overcast clouds
2026-07-13T05:39:36.549Z,Bangkok,30.51,overcast clouds
2026-07-13T08:52:55.530Z,Bangkok,29.39,overcast clouds
2026-07-13T12:26:28.668Z,Bangkok,28.84,overcast clouds
2026-07-13T16:22:29.062Z,Bangkok,28.84,overcast clouds
2026-07-13T19:14:39.492Z,Bangkok,28.84,overcast clouds
2026-07-13T20:51:27.575Z,Bangkok,28.84,overcast clouds
2026-07-13T22:47:31.227Z,Bangkok,28.28,overcast clouds
2026-07-14T01:45:44.109Z,Bangkok,29.95,overcast clouds
2026-07-14T04:43:26.975Z,Bangkok,27.17,overcast clouds
2026-07-14T07:49:15.133Z,Bangkok,28.28,overcast clouds
2026-07-14T09:48:36.782Z,Bangkok,29.95,overcast clouds
2026-07-14T11:19:09.772Z,Bangkok,29.95,overcast clouds
2026-07-14T13:13:30.573Z,Bangkok,29.95,overcast clouds
2026-07-14T15:17:47.648Z,Bangkok,29.95,overcast clouds
2026-07-14T17:05:00.237Z,Bangkok,29.39,overcast clouds
2026-07-14T19:05:30.848Z,Bangkok,28.84,overcast clouds
2026-07-14T20:51:39.582Z,Bangkok,28.28,overcast clouds
2026-07-14T22:49:55.917Z,Bangkok,28.28,overcast clouds
2026-07-15T01:42:10.336Z,Bangkok,30.51,overcast clouds
2026-07-15T04:43:23.840Z,Bangkok,31.06,overcast clouds
2026-07-15T07:52:46.284Z,Bangkok,31.62,overcast clouds
2026-07-15T09:52:54.964Z,Bangkok,32.89,overcast clouds
2026-07-15T11:23:06.149Z,Bangkok,32.03,overcast clouds
2026-07-15T13:17:32.627Z,Bangkok,28.84,overcast clouds
2026-07-15T15:19:36.389Z,Bangkok,29.39,broken clouds
2026-07-15T17:07:42.407Z,Bangkok,29.39,broken clouds
2026-07-15T18:57:50.604Z,Bangkok,28.84,overcast clouds
2026-07-15T20:51:13.386Z,Bangkok,28.84,overcast clouds
2026-07-15T22:51:22.527Z,Bangkok,28.84,overcast clouds
2026-07-16T01:51:53.272Z,Bangkok,29.95,overcast clouds
2026-07-16T04:53:13.916Z,Bangkok,32.17,overcast clouds
2026-07-16T07:58:30.142Z,Bangkok,32.92,overcast clouds
2026-07-16T10:09:24.628Z,Bangkok,33.86,overcast clouds
2026-07-16T13:24:58.519Z,Bangkok,27.18,overcast clouds
2026-07-16T15:27:31.184Z,Bangkok,27.17,overcast clouds
2026-07-16T17:05:57.699Z,Bangkok,27.17,overcast clouds
2026-07-16T18:58:17.526Z,Bangkok,27.73,overcast clouds
2026-07-16T20:48:03.363Z,Bangkok,27.17,overcast clouds
2026-07-16T22:50:58.282Z,Bangkok,27.17,overcast clouds
2026-07-17T01:55:30.461Z,Bangkok,28.28,overcast clouds
2026-07-17T04:57:33.050Z,Bangkok,31.62,overcast clouds
2026-07-17T07:54:30.917Z,Bangkok,33.19,overcast clouds
2026-07-17T09:49:09.404Z,Bangkok,34.97,overcast clouds
2026-07-17T11:15:49.346Z,Bangkok,34.41,overcast clouds
2026-07-17T13:09:22.641Z,Bangkok,27.17,light rain
2026-07-17T15:06:56.130Z,Bangkok,27.73,overcast clouds
2026-07-17T17:02:26.542Z,Bangkok,28.28,overcast clouds
2026-07-17T18:55:21.268Z,Bangkok,28.28,overcast clouds
2026-07-17T20:43:47.292Z,Bangkok,27.73,overcast clouds
2026-07-17T22:40:26.913Z,Bangkok,27.73,overcast clouds
2026-07-18T01:45:41.510Z,Bangkok,29.95,overcast clouds
2026-07-18T04:41:32.287Z,Bangkok,34.39,overcast clouds
2026-07-18T07:29:03.932Z,Bangkok,33.28,overcast clouds
2026-07-18T09:16:32.984Z,Bangkok,33.28,overcast clouds
2026-07-18T10:56:21.236Z,Bangkok,31.62,overcast clouds
2026-07-18T12:55:34.529Z,Bangkok,29.95,overcast clouds
2026-07-18T14:44:11.245Z,Bangkok,29.95,overcast clouds
2026-07-18T16:46:30.966Z,Bangkok,29.39,overcast clouds
2026-07-18T18:51:27.960Z,Bangkok,29.39,scattered clouds
2026-07-18T20:38:24.280Z,Bangkok,28.28,scattered clouds
2026-07-18T22:41:33.596Z,Bangkok,27.17,scattered clouds
2026-07-19T01:54:23.781Z,Bangkok,31.62,broken clouds
2026-07-19T05:14:45.929Z,Bangkok,32.73,scattered clouds
2026-07-19T08:02:21.510Z,Bangkok,33.28,broken clouds
2026-07-19T11:05:17.296Z,Bangkok,31.62,broken clouds
2026-07-19T12:58:16.028Z,Bangkok,30.51,overcast clouds
2026-07-19T14:47:59.757Z,Bangkok,29.95,broken clouds
2026-07-19T16:47:54.377Z,Bangkok,29.39,broken clouds
2026-07-19T18:53:46.821Z,Bangkok,28.84,overcast clouds
2026-07-19T20:38:23.977Z,Bangkok,27.73,overcast clouds
2026-07-19T22:42:31.742Z,Bangkok,26.62,broken clouds
2026-07-20T02:11:49.166Z,Bangkok,31.62,broken clouds
2026-07-20T06:38:56.782Z,Bangkok,32.17,overcast clouds
2026-07-20T10:43:03.203Z,Bangkok,32.17,broken clouds
2026-07-20T13:50:50.238Z,Bangkok,29.95,overcast clouds
2026-07-20T15:45:31.941Z,Bangkok,29.95,overcast clouds
2026-07-20T17:26:04.238Z,Bangkok,29.39,overcast clouds
2026-07-20T19:27:19.994Z,Bangkok,29.39,overcast clouds
2026-07-20T21:02:45.340Z,Bangkok,28.28,overcast clouds
2026-07-20T22:50:15.821Z,Bangkok,28.28,overcast clouds
2026-07-21T01:53:41.000Z,Bangkok,30.51,overcast clouds
2026-07-21T05:13:55.855Z,Bangkok,34.89,overcast clouds
2026-07-21T08:10:30.059Z,Bangkok,34.39,overcast clouds
2026-07-21T11:42:38.900Z,Bangkok,31.06,overcast clouds
2026-07-21T13:20:07.618Z,Bangkok,31.78,overcast clouds
2026-07-21T15:28:59.529Z,Bangkok,31.06,overcast clouds
2026-07-21T17:07:30.842Z,Bangkok,29.74,overcast clouds
2026-07-21T19:05:58.177Z,Bangkok,31.07,overcast clouds
2026-07-21T20:58:31.670Z,Bangkok,29.96,overcast clouds
2026-07-21T22:46:48.372Z,Bangkok,29.4,overcast clouds
2026-07-22T01:52:48.457Z,Bangkok,30.52,overcast clouds
2026-07-22T05:12:29.096Z,Bangkok,34.4,overcast clouds
2026-07-22T08:11:04.973Z,Bangkok,34.96,overcast clouds
2026-07-22T11:42:43.083Z,Bangkok,31.08,overcast clouds
2026-07-22T13:24:29.459Z,Bangkok,27.74,light rain
2026-07-22T15:26:06.236Z,Bangkok,27.18,overcast clouds
2026-07-22T17:07:59.494Z,Bangkok,27.74,broken clouds
2026-07-22T18:59:34.068Z,Bangkok,27.74,broken clouds
2026-07-22T20:56:26.639Z,Bangkok,27.74,overcast clouds
2026-07-22T22:54:40.475Z,Bangkok,27.74,overcast clouds
2026-07-23T02:00:14.184Z,Bangkok,30.25,overcast clouds
2026-07-23T06:24:17.725Z,Bangkok,35.21,overcast clouds
2026-07-23T10:12:46.506Z,Bangkok,26.7,overcast clouds
2026-07-23T13:28:01.128Z,Bangkok,29.43,moderate rain
2026-07-23T15:48:37.227Z,Bangkok,28.28,overcast clouds
2026-07-23T17:11:02.795Z,Bangkok,28.28,overcast clouds
2026-07-23T19:01:37.282Z,Bangkok,28.28,overcast clouds
2026-07-23T20:52:59.152Z,Bangkok,27.73,overcast clouds
2026-07-23T22:48:37.773Z,Bangkok,27.17,overcast clouds
2026-07-24T01:56:00.254Z,Bangkok,30.51,overcast clouds
2026-07-24T05:15:38.332Z,Bangkok,35.48,overcast clouds
2026-07-24T08:10:34.881Z,Bangkok,34.95,light rain
2026-07-24T11:37:02.367Z,Bangkok,30.51,light rain
2026-07-24T13:20:22.700Z,Bangkok,27.43,light rain
2026-07-24T15:20:59.934Z,Bangkok,26.96,overcast clouds
2026-07-24T17:21:29.854Z,Bangkok,27.73,overcast clouds
2026-07-24T19:14:03.648Z,Bangkok,27.73,overcast clouds
2026-07-24T20:55:39.468Z,Bangkok,27.73,overcast clouds
2026-07-24T22:54:33.699Z,Bangkok,27.17,overcast clouds
2026-07-25T01:55:37.953Z,Bangkok,32.11,overcast clouds
2026-07-25T04:58:50.691Z,Bangkok,32.17,overcast clouds
2026-07-25T07:52:40.202Z,Bangkok,32.73,overcast clouds
2026-07-25T09:29:40.292Z,Bangkok,35.51,overcast clouds
2026-07-25T11:02:25.267Z,Bangkok,27.17,light rain
2026-07-25T13:05:09.260Z,Bangkok,28.28,light rain
2026-07-25T14:55:27.553Z,Bangkok,28.84,light rain
2026-07-25T16:47:20.662Z,Bangkok,29.39,overcast clouds
2026-07-25T18:55:11.844Z,Bangkok,28.84,overcast clouds
2026-07-25T20:41:00.466Z,Bangkok,27.73,overcast clouds
2026-07-25T22:44:19.380Z,Bangkok,27.73,overcast clouds
2026-07-26T01:59:38.819Z,Bangkok,31.35,overcast clouds
2026-07-26T05:35:59.777Z,Bangkok,32.17,overcast clouds
2026-07-26T08:11:09.267Z,Bangkok,32.17,overcast clouds
2026-07-26T11:14:22.254Z,Bangkok,32.17,overcast clouds
2026-07-26T13:01:59.489Z,Bangkok,31.06,overcast clouds
2026-07-26T14:57:05.894Z,Bangkok,30.51,overcast clouds
2026-07-26T16:50:53.764Z,Bangkok,29.39,overcast clouds
2026-07-26T18:59:16.420Z,Bangkok,28.28,overcast clouds
2026-07-26T20:47:16.677Z,Bangkok,28.28,overcast clouds
2026-07-26T22:52:18.360Z,Bangkok,27.73,overcast clouds
2026-07-27T02:07:13.308Z,Bangkok,30.51,overcast clouds
2026-07-27T06:55:52.874Z,Bangkok,32.17,overcast clouds
2026-07-27T11:11:42.566Z,Bangkok,31.91,light rain
2026-07-27T14:13:07.764Z,Bangkok,27.17,overcast clouds
2026-07-27T17:37:05.538Z,Bangkok,27.17,overcast clouds
2026-07-27T19:14:49.370Z,Bangkok,27.17,overcast clouds
2026-07-27T21:03:20.822Z,Bangkok,27.17,overcast clouds
2026-07-27T22:53:44.563Z,Bangkok,27.17,light rain
2026-07-28T01:48:25.116Z,Bangkok,28.28,overcast clouds
2026-07-28T04:56:50.664Z,Bangkok,30.51,overcast clouds
2026-07-28T08:18:13.344Z,Bangkok,33.18,light rain
2026-07-28T11:51:26.245Z,Bangkok,28.12,overcast clouds
2026-07-28T13:44:33.717Z,Bangkok,27.18,overcast clouds
2026-07-28T15:59:30.600Z,Bangkok,26.63,overcast clouds
2026-07-28T17:37:53.310Z,Bangkok,28.84,overcast clouds
2026-07-28T19:10:43.341Z,Bangkok,28.28,overcast clouds
2026-07-28T21:00:19.700Z,Bangkok,27.73,overcast clouds
2026-07-28T22:51:42.943Z,Bangkok,27.73,overcast clouds
2026-07-29T01:51:12.669Z,Bangkok,29.95,overcast clouds
2026-07-29T05:13:51.474Z,Bangkok,31.06,overcast clouds
2026-07-29T08:24:33.673Z,Bangkok,34.17,moderate rain
2026-07-29T11:55:09.127Z,Bangkok,26.06,heavy intensity rain
2026-07-29T13:49:21.557Z,Bangkok,27.73,heavy intensity rain
2026-07-29T15:45:06.530Z,Bangkok,28.28,light rain
2026-07-29T17:05:55.992Z,Bangkok,27.73,light rain
2026-07-29T19:00:31.688Z,Bangkok,27.73,light rain
2026-07-29T20:43:19.195Z,Bangkok,27.73,overcast clouds
2026-07-29T22:53:08.738Z,Bangkok,27.17,overcast clouds
2026-07-30T01:43:49.599Z,Bangkok,29.51,light rain
2026-07-30T04:50:46.515Z,Bangkok,31.46,overcast clouds
2026-07-30T08:09:57.140Z,Bangkok,31.1,light rain
2026-07-30T11:46:10.719Z,Bangkok,27.74,overcast clouds
2026-07-30T13:40:11.577Z,Bangkok,24.4,light rain
2026-07-30T15:45:51.691Z,Bangkok,25.51,heavy intensity rain
2026-07-30T17:17:07.366Z,Bangkok,25.51,heavy intensity rain
2026-07-30T19:12:06.833Z,Bangkok,24.95,light rain
2026-07-30T20:57:49.368Z,Bangkok,24.95,light rain
2026-07-30T22:57:12.604Z,Bangkok,25.51,overcast clouds
2026-07-31T02:01:10.343Z,Bangkok,28.08,light rain
2026-07-31T06:37:51.706Z,Bangkok,30.51,overcast clouds
2026-07-31T10:29:36.139Z,Bangkok,29.39,overcast clouds
2026-07-31T13:44:39.842Z,Bangkok,28.28,overcast clouds
2026-07-31T15:55:51.872Z,Bangkok,27.73,moderate rain
2026-07-31T17:22:08.708Z,Bangkok,27.73,overcast clouds
2026-07-31T19:10:27.021Z,Bangkok,26.62,overcast clouds
2026-07-31T20:55:13.129Z,Bangkok,26.62,overcast clouds
2026-07-31T22:52:45.894Z,Bangkok,26.62,overcast clouds
2026-08-01T02:02:19.880Z,Bangkok,29.99,overcast clouds
2026-08-01T06:21:30.817Z,Bangkok,31.62,overcast clouds
2026-08-01T09:51:41.240Z,Bangkok,31.62,overcast clouds
2026-08-01T11:11:31.949Z,Bangkok,29.95,overcast clouds
2026-08-01T13:00:39.302Z,Bangkok,29.39,overcast clouds
2026-08-01T14:52:42.496Z,Bangkok,29.39,overcast clouds
2026-08-01T16:51:47.064Z,Bangkok,29.39,overcast clouds
2026-08-01T18:56:53.027Z,Bangkok,28.84,overcast clouds
2026-08-01T20:41:36.764Z,Bangkok,27.73,overcast clouds
2026-08-01T22:45:09.975Z,Bangkok,27.17,overcast clouds
2026-08-02T01:58:35.481Z,Bangkok,30.51,overcast clouds
2026-08-02T05:28:40.842Z,Bangkok,35.51,overcast clouds
2026-08-02T08:08:11.773Z,Bangkok,32.17,overcast clouds
2026-08-02T11:11:20.812Z,Bangkok,30.51,overcast clouds
2026-08-02T13:02:24.367Z,Bangkok,29.39,overcast clouds
2026-08-02T14:54:59.187Z,Bangkok,30.52,overcast clouds
2026-08-02T16:51:01.034Z,Bangkok,30.52,overcast clouds
2026-08-02T18:57:44.105Z,Bangkok,30.52,overcast clouds
2026-08-02T20:43:30.453Z,Bangkok,28.28,overcast clouds
2026-08-02T22:46:56.361Z,Bangkok,27.73,overcast clouds
2026-08-03T02:01:10.032Z,Bangkok,31.62,overcast clouds
2026-08-03T06:52:36.798Z,Bangkok,32.17,light rain
2026-08-03T11:14:07.446Z,Bangkok,31.84,overcast clouds
2026-08-03T14:19:18.686Z,Bangkok,30.39,overcast clouds
2026-08-03T17:45:59.771Z,Bangkok,29.96,overcast clouds
2026-08-03T19:21:05.293Z,Bangkok,30.52,overcast clouds
2026-08-03T20:56:17.155Z,Bangkok,29.96,overcast clouds
2026-08-03T22:53:37.424Z,Bangkok,29.4,overcast clouds
2026-08-04T01:47:16.179Z,Bangkok,31.21,overcast clouds
2026-08-04T04:55:59.002Z,Bangkok,33.86,overcast clouds
2026-08-04T08:24:10.374Z,Bangkok,34.55,overcast clouds
2026-08-04T11:57:24.881Z,Bangkok,31.36,light rain
2026-08-04T14:04:49.920Z,Bangkok,29.96,light rain
2026-08-04T17:36:27.619Z,Bangkok,30.09,light rain
2026-08-04T19:19:45.224Z,Bangkok,29.96,overcast clouds
2026-08-04T21:02:48.420Z,Bangkok,29.83,overcast clouds
2026-08-04T22:54:10.622Z,Bangkok,29.83,overcast clouds
2026-08-05T01:48:24.279Z,Bangkok,30.8,overcast clouds
2026-08-05T04:58:22.990Z,Bangkok,33.79,overcast clouds
2026-08-05T08:21:37.118Z,Bangkok,33.02,overcast clouds
2026-08-05T11:51:45.407Z,Bangkok,27.74,overcast clouds
2026-08-05T13:47:05.684Z,Bangkok,28.29,overcast clouds
2026-08-05T15:55:12.752Z,Bangkok,28.16,moderate rain
2026-08-05T17:21:47.398Z,Bangkok,28.29,overcast clouds
2026-08-05T19:17:17.176Z,Bangkok,28.58,overcast clouds
2026-08-05T20:58:46.333Z,Bangkok,28.72,overcast clouds
2026-08-05T22:50:13.083Z,Bangkok,28.72,overcast clouds
2026-08-06T01:49:30.288Z,Bangkok,30.38,light rain
2026-08-06T04:58:38.532Z,Bangkok,32.33,overcast clouds
2026-08-06T08:18:47.387Z,Bangkok,33.04,light rain
2026-08-06T11:57:38.307Z,Bangkok,30.25,light rain
2026-08-06T14:04:21.138Z,Bangkok,28.68,heavy intensity rain
2026-08-06T23:51:01.416Z,Bangkok,28.29,overcast clouds
2026-08-07T02:12:21.268Z,Bangkok,30.65,overcast clouds
2026-08-07T05:27:58.160Z,Bangkok,31.11,overcast clouds
2026-08-07T07:01:42.029Z,Bangkok,32.36,overcast clouds
2026-08-07T08:47:54.789Z,Bangkok,32.33,light rain
2026-08-07T10:43:28.045Z,Bangkok,31.23,overcast clouds
2026-08-07T12:42:55.546Z,Bangkok,29.96,light rain
2026-08-07T14:45:57.626Z,Bangkok,29.4,heavy intensity rain
2026-08-07T16:43:05.463Z,Bangkok,28.72,moderate rain
2026-08-07T18:41:51.418Z,Bangkok,28.85,overcast clouds
2026-08-07T20:31:22.207Z,Bangkok,28.72,overcast clouds
2026-08-07T22:26:05.504Z,Bangkok,28.72,overcast clouds
2026-08-08T01:00:05.113Z,Bangkok,29.68,overcast clouds
2026-08-08T03:16:56.209Z,Bangkok,31.91,overcast clouds
2026-08-08T04:47:34.931Z,Bangkok,33.11,overcast clouds
2026-08-08T06:36:50.230Z,Bangkok,33.83,overcast clouds
2026-08-08T08:29:58.215Z,Bangkok,32.47,overcast clouds
2026-08-08T10:22:10.289Z,Bangkok,30.89,light rain
2026-08-08T12:29:58.407Z,Bangkok,28.29,overcast clouds
2026-08-08T14:23:45.803Z,Bangkok,28.67,overcast clouds
2026-08-08T16:22:01.155Z,Bangkok,28.71,overcast clouds
2026-08-08T18:24:26.148Z,Bangkok,28.85,overcast clouds
2026-08-08T20:19:09.237Z,Bangkok,28.29,overcast clouds
2026-08-08T22:19:20.698Z,Bangkok,27.87,overcast clouds
2026-08-09T01:04:04.047Z,Bangkok,29.69,overcast clouds
2026-08-09T03:25:08.759Z,Bangkok,30.53,overcast clouds
2026-08-09T04:56:19.850Z,Bangkok,32.68,overcast clouds
2026-08-09T06:40:21.935Z,Bangkok,32,light rain
2026-08-09T08:32:10.350Z,Bangkok,31.1,overcast clouds
2026-08-09T10:24:08.623Z,Bangkok,30.67,overcast clouds
2026-08-09T12:32:51.109Z,Bangkok,29.69,overcast clouds
2026-08-09T14:25:46.704Z,Bangkok,29.83,overcast clouds
2026-08-09T16:23:54.471Z,Bangkok,29.56,overcast clouds
2026-08-09T18:27:40.489Z,Bangkok,29,overcast clouds
2026-08-09T20:21:27.748Z,Bangkok,29,overcast clouds
2026-08-09T22:20:57.168Z,Bangkok,28.58,overcast clouds
2026-08-10T01:05:57.549Z,Bangkok,29.69,overcast clouds
2026-08-10T03:44:55.628Z,Bangkok,33.16,overcast clouds
2026-08-10T05:17:41.312Z,Bangkok,32.04,light rain
2026-08-10T07:14:16.513Z,Bangkok,32.18,overcast clouds
2026-08-10T09:09:04.939Z,Bangkok,30.18,overcast clouds
2026-08-10T10:59:40.800Z,Bangkok,28.42,overcast clouds
2026-08-10T12:49:18.792Z,Bangkok,28.85,overcast clouds
2026-08-10T14:50:57.205Z,Bangkok,28.85,overcast clouds
2026-08-10T16:44:09.450Z,Bangkok,28.16,overcast clouds
2026-08-10T18:43:41.072Z,Bangkok,27.9,overcast clouds
2026-08-10T20:32:25.822Z,Bangkok,28.16,overcast clouds
2026-08-10T22:27:46.851Z,Bangkok,28.16,overcast clouds
2026-08-11T01:04:50.334Z,Bangkok,28.85,overcast clouds
2026-08-11T03:27:18.387Z,Bangkok,30.09,overcast clouds
2026-08-11T04:59:18.103Z,Bangkok,31.06,overcast clouds
2026-08-11T06:51:58.756Z,Bangkok,29.95,overcast clouds
2026-08-11T08:44:32.967Z,Bangkok,30.51,overcast clouds
2026-08-11T10:42:45.825Z,Bangkok,29.39,overcast clouds
2026-08-11T12:44:06.214Z,Bangkok,30.12,overcast clouds
2026-08-11T14:50:47.166Z,Bangkok,29.69,overcast clouds
2026-08-11T16:49:20.291Z,Bangkok,29.27,overcast clouds
2026-08-11T18:50:39.137Z,Bangkok,29.56,overcast clouds
2026-08-11T20:35:44.988Z,Bangkok,29.13,overcast clouds
2026-08-11T22:32:57.862Z,Bangkok,28.58,overcast clouds
2026-08-12T01:12:35.348Z,Bangkok,30.51,overcast clouds
2026-08-12T03:57:26.036Z,Bangkok,33.02,overcast clouds
2026-08-12T05:36:03.439Z,Bangkok,33.32,overcast clouds
2026-08-12T07:11:33.350Z,Bangkok,33.31,overcast clouds
2026-08-12T09:03:14.728Z,Bangkok,29.16,light rain
2026-08-12T10:53:23.659Z,Bangkok,28.81,light rain
2026-08-12T12:49:16.317Z,Bangkok,28.4,overcast clouds
2026-08-12T14:50:32.921Z,Bangkok,28.5,overcast clouds
2026-08-12T16:48:09.226Z,Bangkok,28.45,overcast clouds
2026-08-12T18:51:02.337Z,Bangkok,28.02,overcast clouds
2026-08-12T20:34:27.176Z,Bangkok,27.58,broken clouds
2026-08-12T22:31:36.853Z,Bangkok,27.42,broken clouds
2026-08-13T01:14:35.487Z,Bangkok,29.82,broken clouds
2026-08-13T04:02:10.419Z,Bangkok,32.02,broken clouds
2026-08-13T07:14:26.291Z,Bangkok,32.29,light rain
2026-08-13T09:03:52.390Z,Bangkok,32.85,overcast clouds
2026-08-13T10:54:26.341Z,Bangkok,31.76,overcast clouds
2026-08-13T12:50:59.530Z,Bangkok,29.8,overcast clouds
2026-08-13T14:50:24.156Z,Bangkok,29.69,light rain
2026-08-13T16:46:35.513Z,Bangkok,29.69,broken clouds
2026-08-13T18:51:12.571Z,Bangkok,29.23,overcast clouds
2026-08-13T20:32:34.484Z,Bangkok,29.1,overcast clouds
2026-08-13T22:32:13.843Z,Bangkok,28.59,overcast clouds
2026-08-14T01:13:05.851Z,Bangkok,29.81,overcast clouds
2026-08-14T03:58:31.956Z,Bangkok,31.74,overcast clouds
2026-08-14T05:37:57.608Z,Bangkok,32.41,overcast clouds
2026-08-14T07:11:34.501Z,Bangkok,33.69,overcast clouds
2026-08-14T09:00:11.954Z,Bangkok,33.36,light rain
2026-08-14T10:50:25.727Z,Bangkok,31.31,overcast clouds
2026-08-14T12:44:27.571Z,Bangkok,30.32,broken clouds
2026-08-14T14:44:22.855Z,Bangkok,30.92,overcast clouds
2026-08-14T16:41:46.512Z,Bangkok,30.38,overcast clouds
2026-08-14T18:41:51.236Z,Bangkok,30.21,overcast clouds
2026-08-14T20:22:44.200Z,Bangkok,29.79,overcast clouds
2026-08-14T22:13:52.420Z,Bangkok,29.72,overcast clouds
2026-08-15T00:44:50.984Z,Bangkok,30.33,overcast clouds
2026-08-15T02:44:24.744Z,Bangkok,31.78,overcast clouds
2026-08-15T04:21:08.332Z,Bangkok,33.11,overcast clouds
2026-08-15T06:22:28.307Z,Bangkok,33,overcast clouds
2026-08-15T08:17:22.924Z,Bangkok,33.59,overcast clouds
2026-08-15T10:14:04.898Z,Bangkok,32.44,overcast clouds
2026-08-15T12:20:23.006Z,Bangkok,30.77,heavy intensity rain
2026-08-15T14:13:59.784Z,Bangkok,30.5,overcast clouds
2026-08-15T16:13:53.811Z,Bangkok,29.48,overcast clouds
2026-08-15T18:16:17.894Z,Bangkok,29.48,overcast clouds
2026-08-15T20:13:29.103Z,Bangkok,29.12,overcast clouds
2026-08-15T22:11:51.524Z,Bangkok,28.62,overcast clouds
2026-08-16T00:48:01.387Z,Bangkok,29.94,overcast clouds
2026-08-16T02:52:42.148Z,Bangkok,31.79,overcast clouds
2026-08-16T04:27:17.780Z,Bangkok,33.13,overcast clouds
2026-08-16T06:24:43.602Z,Bangkok,31.99,overcast clouds
2026-08-16T08:18:23.400Z,Bangkok,31.64,overcast clouds
2026-08-16T10:14:36.448Z,Bangkok,31.71,overcast clouds
2026-08-16T12:21:36.606Z,Bangkok,31.31,overcast clouds
2026-08-16T14:14:09.946Z,Bangkok,30.7,overcast clouds
2026-08-16T16:14:19.041Z,Bangkok,30.59,overcast clouds
2026-08-16T18:16:12.284Z,Bangkok,30.21,overcast clouds
2026-08-16T20:12:28.256Z,Bangkok,28.87,overcast clouds
2026-08-16T22:12:28.716Z,Bangkok,29.62,overcast clouds
2026-08-17T00:45:11.705Z,Bangkok,30.11,overcast clouds
2026-08-17T02:52:37.123Z,Bangkok,32.15,broken clouds
2026-08-17T04:32:43.080Z,Bangkok,33.73,broken clouds
2026-08-17T06:36:19.568Z,Bangkok,34.85,light rain
2026-08-17T08:33:23.542Z,Bangkok,34.47,overcast clouds
2026-08-17T10:23:16.081Z,Bangkok,31.28,moderate rain
2026-08-17T12:25:53.092Z,Bangkok,28.77,moderate rain
2026-08-17T14:19:11.061Z,Bangkok,28.69,light rain
2026-08-17T16:17:03.680Z,Bangkok,28.98,light rain
2026-08-17T18:26:02.470Z,Bangkok,29.1,overcast clouds
2026-08-17T20:16:31.713Z,Bangkok,28.63,overcast clouds
2026-08-17T22:15:25.497Z,Bangkok,28.26,overcast clouds
2026-08-18T00:44:13.683Z,Bangkok,29.08,overcast clouds
2026-08-18T02:48:57.030Z,Bangkok,31.54,overcast clouds
2026-08-18T04:26:29.359Z,Bangkok,33.85,overcast clouds
2026-08-18T06:28:21.842Z,Bangkok,34.49,overcast clouds
2026-08-18T08:25:36.615Z,Bangkok,33.42,broken clouds
2026-08-18T10:18:57.265Z,Bangkok,28.29,light rain
2026-08-18T12:27:44.355Z,Bangkok,28.77,light rain
